{
  "project_info": {
    "project_number": "612443679883",
    "project_id": "reaper-1150d",
    "storage_bucket": "reaper-1150d.appspot.com"
  },
  "client": [
    {
      "client_info": {
        "mobilesdk_app_id": "1:612443679883:android:0ee2cb1faa3a8c1712f88e",
        "android_client_info": {
          "package_name": "com.example.reaper"
        }
      },
      "oauth_client": [
        {
          "client_id": "612443679883-lehv8rntg02l2l3d22ihs7goiekcj12a.apps.googleusercontent.com",
          "client_type": 3
        }
      ],
      "api_key": [
        {
          "current_key": "AIzaSyBdNf1CxMNtdlVZHG-zShwIDb8UiyGYF1g"
        }
      ],
      "services": {
        "appinvite_service": {
          "other_platform_oauth_client": [
            {
              "client_id": "612443679883-lehv8rntg02l2l3d22ihs7goiekcj12a.apps.googleusercontent.com",
              "client_type": 3
            }
          ]
        }
      }
    }
  ],
  "configuration_version": "1"
}